{
  "packages": [
    {
      "name": "SparkFun",
      "maintainer": "SparkFun Electronics",
      "websiteUrl": "https://SparkFun.com",
      "Url": "https://raw.githubusercontent.com/sparkfun/Arduino_Boards/master/IDE_Board_Manager/package_sparkfun_index.json",
      "email": "TechSupport@SparkFun.com",
      "platforms": [
        {
          "name": "SparkFun SAMD Boards  (dependency: Arduino SAMD Boards 1.8.1)",
          "architecture": "samd",
          "version": "1.8.3",
          "deprecated": false,
          "category": "Contributed",
          "url": "https://github.com/sparkfun/Arduino_Boards/raw/master/IDE_Board_Manager/sparkfun-samd-1.8.3.tar.bz2",
          "archiveFileName": "sparkfun-samd-1.8.3.tar.bz2",
          "checksum": "SHA-256:74393DAD50FCFDCCF36EC15FA1CC4354258E9050BDB1C1692E58F0C21F82C2D6",
          "size": "2840829",
          "boards": [
            {
              "name": "SparkFun SAMD21 Mini Breakout"
            },
            {
              "name": "SparkFun SAMD21 Dev Breakout"
            },
            {
              "name": "SparkFun 9DoF Razor IMU M0"
            },
            {
              "name": "LilyPad LilyMini"
            },
            {
              "name": "Sparkfun SAMD21 Pro RF"
            },
            {
              "name": "Sparkfun RedBoard Turbo"
            },
            {
              "name": "Sparkfun SAMD51 Thing Plus"
            },
            {
              "name": "Sparkfun Qwiic Micro"
            },
            {
              "name": "SparkFun SAMD51 MicroMod"
            }
          ],
          "help": {
            "online": "https://learn.sparkfun.com/tutorials/installing-arduino-ide/board-add-ons-with-arduino-board-manager"
          },
          "toolsDependencies": [
            {
              "packager": "arduino",
              "name": "arm-none-eabi-gcc",
              "version": "4.8.3-2014q1"
            },
            {
              "packager": "arduino",
              "name": "bossac",
              "version": "1.8.0-48-gb176eee"
            },
            {
              "packager": "arduino",
              "name": "openocd",
              "version": "0.9.0-arduino"
            },
            {
              "packager": "arduino",
              "name": "CMSIS",
              "version": "4.5.0"
            },
            {
              "packager": "arduino",
              "name": "CMSIS-Atmel",
              "version": "1.2.0"
            }
          ],
          "discoveryDependencies": [],
          "monitorDependencies": []
        }
      ],
      "tools": [
        {
          "name": "arm-none-eabi-gcc",
          "version": "8-2018-q4-major",
          "systems": [
            {
              "host": "x86_64-apple-darwin",
              "url": "https://static.sparkfun.com/large/gcc-arm-none-eabi-8-2018-q4-major-mac.tar.bz2",
              "archiveFileName": "gcc-arm-none-eabi-8-2018-q4-major-mac.tar.bz2",
              "size": "111430151",
              "checksum": "SHA-256:0b528ed24db9f0fa39e5efdae9bcfc56bf9e07555cb267c70ff3fee84ec98460"
            },
            {
              "host": "i386-apple-darwin11",
              "url": "https://static.sparkfun.com/large/gcc-arm-none-eabi-8-2018-q4-major-mac.tar.bz2",
              "archiveFileName": "gcc-arm-none-eabi-8-2018-q4-major-mac.tar.bz2",
              "size": "111430151",
              "checksum": "SHA-256:0b528ed24db9f0fa39e5efdae9bcfc56bf9e07555cb267c70ff3fee84ec98460"
            },
            {
              "host": "i686-linux-gnu",
              "url": "https://static.sparkfun.com/large/gcc-arm-none-eabi-8-2018-q4-major-linux.tar.bz2",
              "archiveFileName": "gcc-arm-none-eabi-8-2018-q4-major-linux.tar.bz2",
              "size": "107253352",
              "checksum": "SHA-256:fb31fbdfe08406ece43eef5df623c0b2deb8b53e405e2c878300f7a1f303ee52"
            },
            {
              "host": "x86_64-pc-linux-gnu",
              "url": "https://static.sparkfun.com/large/gcc-arm-none-eabi-8-2018-q4-major-linux.tar.bz2",
              "archiveFileName": "gcc-arm-none-eabi-8-2018-q4-major-linux.tar.bz2",
              "size": "107253352",
              "checksum": "SHA-256:fb31fbdfe08406ece43eef5df623c0b2deb8b53e405e2c878300f7a1f303ee52"
            },
            {
              "host": "i686-mingw32",
              "url": "https://static.sparkfun.com/large/gcc-arm-none-eabi-8-2018-q4-major-win32-modified.zip",
              "archiveFileName": "gcc-arm-none-eabi-8-2018-q4-major-win32-modified.zip",
              "size": "135448870",
              "checksum": "SHA-256:98f47ed254ce31942408028c3a4a75ad4ee9fe7f318daecafb8c101bc19a6e23"
            }
          ]
        },
        {
          "name": "bossac",
          "version": "1.4.0",
          "systems": [
            {
              "host": "i686-mingw32",
              "url": "https://github.com/sparkfun/Arduino_Boards/raw/master/sparkfun/samd-tools/bossac/bossac-1.4.0-win.zip",
              "archiveFileName": "bossac-1.4.0-win.zip",
              "size": "314705",
              "checksum": "SHA-256:BCA6503F5DBB1F96693AFD0701A759ECFB3BE5B9FB3F9D901CA17853B224F4EB"
            },
            {
              "host": "x86_64-pc-linux-gnu",
              "url": "https://github.com/sparkfun/Arduino_Boards/raw/master/sparkfun/samd-tools/bossac/bossac-1.4.0-linux64.tar.bz2",
              "archiveFileName": "bossac-1.4.0-linux64.tar.bz2",
              "size": "225696",
              "checksum": "SHA-256:BB8F398BF84C5F31880FE9A2C7AE0174592516CE4821B49744B426AA968ADA10"
            },
            {
              "host": "x86_64-apple-darwin",
              "url": "https://github.com/sparkfun/Arduino_Boards/raw/master/sparkfun/samd-tools/bossac/bossac-1.4.0-osx.tar.bz2",
              "archiveFileName": "bossac-1.4.0-osx.tar.bz2",
              "size": "74461",
              "checksum": "SHA-256:D0F225846D7BC80A74324D783CDB35C42A7F85EAD73CC016C0CC767B0AA5E81C"
            }
          ]
        }
      ],
      "help": {
        "online": "https://learn.sparkfun.com/tutorials/installing-arduino-ide/board-add-ons-with-arduino-board-manager"
      }
    }
  ],
  "IsTrusted": false
}